transactionId,requestId,orderId,customerId,flashItemId,quantity,mechanism,threadName,startTime,endTime,success,errorMessage
TXN-NO_LOCK-00088,REQ-SIM-00088,SIM-NO_LOCK-00088,CUS-00088,FSI-00191,1,NO_LOCK,pool-1-thread-88,286313508625600,286313623985000,true,
TXN-NO_LOCK-00081,REQ-SIM-00081,SIM-NO_LOCK-00081,CUS-00081,FSI-00191,1,NO_LOCK,pool-1-thread-81,286313505160400,286313623987100,true,
TXN-NO_LOCK-00066,REQ-SIM-00066,SIM-NO_LOCK-00066,CUS-00066,FSI-00191,1,NO_LOCK,pool-1-thread-66,286313501655800,286313623991600,true,
TXN-NO_LOCK-00079,REQ-SIM-00079,SIM-NO_LOCK-00079,CUS-00079,FSI-00191,1,NO_LOCK,pool-1-thread-79,286313507672800,286313624441400,true,
TXN-NO_LOCK-00004,REQ-SIM-00004,SIM-NO_LOCK-00004,CUS-00004,FSI-00191,1,NO_LOCK,pool-1-thread-4,286313488694400,286313624841900,true,
TXN-NO_LOCK-00039,REQ-SIM-00039,SIM-NO_LOCK-00039,CUS-00039,FSI-00191,1,NO_LOCK,pool-1-thread-39,286313496001300,286313625155700,true,
TXN-NO_LOCK-00027,REQ-SIM-00027,SIM-NO_LOCK-00027,CUS-00027,FSI-00191,1,NO_LOCK,pool-1-thread-27,286313494111900,286313625178800,true,
TXN-NO_LOCK-00058,REQ-SIM-00058,SIM-NO_LOCK-00058,CUS-00058,FSI-00191,1,NO_LOCK,pool-1-thread-58,286313503655500,286313625290300,true,
TXN-NO_LOCK-00100,REQ-SIM-00100,SIM-NO_LOCK-00100,CUS-00100,FSI-00191,1,NO_LOCK,pool-1-thread-100,286313508719300,286313625340000,true,
TXN-NO_LOCK-00075,REQ-SIM-00075,SIM-NO_LOCK-00075,CUS-00075,FSI-00191,1,NO_LOCK,pool-1-thread-75,286313506074900,286313625267600,true,
TXN-NO_LOCK-00001,REQ-SIM-00001,SIM-NO_LOCK-00001,CUS-00001,FSI-00191,1,NO_LOCK,pool-1-thread-1,286313488610800,286313625553200,true,
TXN-NO_LOCK-00052,REQ-SIM-00052,SIM-NO_LOCK-00052,CUS-00052,FSI-00191,1,NO_LOCK,pool-1-thread-52,286313500496200,286313625545300,true,
TXN-NO_LOCK-00080,REQ-SIM-00080,SIM-NO_LOCK-00080,CUS-00080,FSI-00191,1,NO_LOCK,pool-1-thread-80,286313505386000,286313625541800,true,
TXN-NO_LOCK-00006,REQ-SIM-00006,SIM-NO_LOCK-00006,CUS-00006,FSI-00191,1,NO_LOCK,pool-1-thread-6,286313489003700,286313625466900,true,
TXN-NO_LOCK-00036,REQ-SIM-00036,SIM-NO_LOCK-00036,CUS-00036,FSI-00191,1,NO_LOCK,pool-1-thread-36,286313495181400,286313625718400,true,
TXN-NO_LOCK-00016,REQ-SIM-00016,SIM-NO_LOCK-00016,CUS-00016,FSI-00191,1,NO_LOCK,pool-1-thread-16,286313491359800,286313625730800,true,
TXN-NO_LOCK-00012,REQ-SIM-00012,SIM-NO_LOCK-00012,CUS-00012,FSI-00191,1,NO_LOCK,pool-1-thread-12,286313490599500,286313625826000,true,
TXN-NO_LOCK-00070,REQ-SIM-00070,SIM-NO_LOCK-00070,CUS-00070,FSI-00191,1,NO_LOCK,pool-1-thread-70,286313503033700,286313625849400,true,
TXN-NO_LOCK-00007,REQ-SIM-00007,SIM-NO_LOCK-00007,CUS-00007,FSI-00191,1,NO_LOCK,pool-1-thread-7,286313489849000,286313625879300,true,
TXN-NO_LOCK-00094,REQ-SIM-00094,SIM-NO_LOCK-00094,CUS-00094,FSI-00191,1,NO_LOCK,pool-1-thread-94,286313508224500,286313625916700,true,
TXN-NO_LOCK-00071,REQ-SIM-00071,SIM-NO_LOCK-00071,CUS-00071,FSI-00191,1,NO_LOCK,pool-1-thread-71,286313505202600,286313625914800,true,
TXN-NO_LOCK-00065,REQ-SIM-00065,SIM-NO_LOCK-00065,CUS-00065,FSI-00191,1,NO_LOCK,pool-1-thread-65,286313501615800,286313626954700,true,
TXN-NO_LOCK-00090,REQ-SIM-00090,SIM-NO_LOCK-00090,CUS-00090,FSI-00191,1,NO_LOCK,pool-1-thread-90,286313507440800,286313627169000,true,
TXN-NO_LOCK-00093,REQ-SIM-00093,SIM-NO_LOCK-00093,CUS-00093,FSI-00191,1,NO_LOCK,pool-1-thread-93,286313508024100,286313627458700,true,
TXN-NO_LOCK-00009,REQ-SIM-00009,SIM-NO_LOCK-00009,CUS-00009,FSI-00191,1,NO_LOCK,pool-1-thread-9,286313490086700,286313628234500,true,
TXN-NO_LOCK-00091,REQ-SIM-00091,SIM-NO_LOCK-00091,CUS-00091,FSI-00191,1,NO_LOCK,pool-1-thread-91,286313505136000,286313629350300,true,
TXN-NO_LOCK-00017,REQ-SIM-00017,SIM-NO_LOCK-00017,CUS-00017,FSI-00191,1,NO_LOCK,pool-1-thread-17,286313492213600,286313630644400,true,
TXN-NO_LOCK-00045,REQ-SIM-00045,SIM-NO_LOCK-00045,CUS-00045,FSI-00191,1,NO_LOCK,pool-1-thread-45,286313500225200,286313630785400,true,
TXN-NO_LOCK-00092,REQ-SIM-00092,SIM-NO_LOCK-00092,CUS-00092,FSI-00191,1,NO_LOCK,pool-1-thread-92,286313507866500,286313631882300,true,
TXN-NO_LOCK-00044,REQ-SIM-00044,SIM-NO_LOCK-00044,CUS-00044,FSI-00191,1,NO_LOCK,pool-1-thread-44,286313498125700,286313633345200,true,
TXN-NO_LOCK-00008,REQ-SIM-00008,SIM-NO_LOCK-00008,CUS-00008,FSI-00191,1,NO_LOCK,pool-1-thread-8,286313490057700,286313633642800,true,
TXN-NO_LOCK-00069,REQ-SIM-00069,SIM-NO_LOCK-00069,CUS-00069,FSI-00191,1,NO_LOCK,pool-1-thread-69,286313501852400,286313634042800,true,
TXN-NO_LOCK-00005,REQ-SIM-00005,SIM-NO_LOCK-00005,CUS-00005,FSI-00191,1,NO_LOCK,pool-1-thread-5,286313488949200,286313637707000,true,
TXN-NO_LOCK-00099,REQ-SIM-00099,SIM-NO_LOCK-00099,CUS-00099,FSI-00191,1,NO_LOCK,pool-1-thread-99,286313508705800,286313638836400,true,
TXN-NO_LOCK-00064,REQ-SIM-00064,SIM-NO_LOCK-00064,CUS-00064,FSI-00191,1,NO_LOCK,pool-1-thread-64,286313501260400,286313641154200,true,
TXN-NO_LOCK-00038,REQ-SIM-00038,SIM-NO_LOCK-00038,CUS-00038,FSI-00191,1,NO_LOCK,pool-1-thread-38,286313495905800,286313642890700,true,
TXN-NO_LOCK-00024,REQ-SIM-00024,SIM-NO_LOCK-00024,CUS-00024,FSI-00191,1,NO_LOCK,pool-1-thread-24,286313493326700,286313648599400,true,
TXN-NO_LOCK-00078,REQ-SIM-00078,SIM-NO_LOCK-00078,CUS-00078,FSI-00191,1,NO_LOCK,pool-1-thread-78,286313503420000,286313648847700,true,
TXN-NO_LOCK-00085,REQ-SIM-00085,SIM-NO_LOCK-00085,CUS-00085,FSI-00191,1,NO_LOCK,pool-1-thread-85,286313505423600,286313648973600,true,
TXN-NO_LOCK-00083,REQ-SIM-00083,SIM-NO_LOCK-00083,CUS-00083,FSI-00191,1,NO_LOCK,pool-1-thread-83,286313505287300,286313649841600,true,
TXN-NO_LOCK-00089,REQ-SIM-00089,SIM-NO_LOCK-00089,CUS-00089,FSI-00191,1,NO_LOCK,pool-1-thread-89,286313506775800,286313649878100,true,
TXN-NO_LOCK-00013,REQ-SIM-00013,SIM-NO_LOCK-00013,CUS-00013,FSI-00191,1,NO_LOCK,pool-1-thread-13,286313490693200,286313650561900,true,
TXN-NO_LOCK-00073,REQ-SIM-00073,SIM-NO_LOCK-00073,CUS-00073,FSI-00191,1,NO_LOCK,pool-1-thread-73,286313502325000,286313651696200,true,
TXN-NO_LOCK-00049,REQ-SIM-00049,SIM-NO_LOCK-00049,CUS-00049,FSI-00191,1,NO_LOCK,pool-1-thread-49,286313500259800,286313654478300,true,
TXN-NO_LOCK-00031,REQ-SIM-00031,SIM-NO_LOCK-00031,CUS-00031,FSI-00191,1,NO_LOCK,pool-1-thread-31,286313494671600,286313659274000,true,
TXN-NO_LOCK-00011,REQ-SIM-00011,SIM-NO_LOCK-00011,CUS-00011,FSI-00191,1,NO_LOCK,pool-1-thread-11,286313490585200,286313660666100,true,
TXN-NO_LOCK-00055,REQ-SIM-00055,SIM-NO_LOCK-00055,CUS-00055,FSI-00191,1,NO_LOCK,pool-1-thread-55,286313500624400,286313664344400,true,
TXN-NO_LOCK-00022,REQ-SIM-00022,SIM-NO_LOCK-00022,CUS-00022,FSI-00191,1,NO_LOCK,pool-1-thread-22,286313493080100,286313665295700,true,
TXN-NO_LOCK-00014,REQ-SIM-00014,SIM-NO_LOCK-00014,CUS-00014,FSI-00191,1,NO_LOCK,pool-1-thread-14,286313491065000,286313667158100,true,
TXN-NO_LOCK-00054,REQ-SIM-00054,SIM-NO_LOCK-00054,CUS-00054,FSI-00191,1,NO_LOCK,pool-1-thread-54,286313500785700,286313669648000,true,
TXN-NO_LOCK-00021,REQ-SIM-00021,SIM-NO_LOCK-00021,CUS-00021,FSI-00191,1,NO_LOCK,pool-1-thread-21,286313493300000,286313669666000,true,
TXN-NO_LOCK-00030,REQ-SIM-00030,SIM-NO_LOCK-00030,CUS-00030,FSI-00191,1,NO_LOCK,pool-1-thread-30,286313494644500,286313669707400,true,
TXN-NO_LOCK-00020,REQ-SIM-00020,SIM-NO_LOCK-00020,CUS-00020,FSI-00191,1,NO_LOCK,pool-1-thread-20,286313492674600,286313672238100,true,
TXN-NO_LOCK-00076,REQ-SIM-00076,SIM-NO_LOCK-00076,CUS-00076,FSI-00191,1,NO_LOCK,pool-1-thread-76,286313504460700,286313672285200,true,
TXN-NO_LOCK-00067,REQ-SIM-00067,SIM-NO_LOCK-00067,CUS-00067,FSI-00191,1,NO_LOCK,pool-1-thread-67,286313501441400,286313672783000,true,
TXN-NO_LOCK-00002,REQ-SIM-00002,SIM-NO_LOCK-00002,CUS-00002,FSI-00191,1,NO_LOCK,pool-1-thread-2,286313488791600,286313674531900,true,
TXN-NO_LOCK-00026,REQ-SIM-00026,SIM-NO_LOCK-00026,CUS-00026,FSI-00191,1,NO_LOCK,pool-1-thread-26,286313493745400,286313674654900,true,
TXN-NO_LOCK-00037,REQ-SIM-00037,SIM-NO_LOCK-00037,CUS-00037,FSI-00191,1,NO_LOCK,pool-1-thread-37,286313495716300,286313674887000,true,
TXN-NO_LOCK-00019,REQ-SIM-00019,SIM-NO_LOCK-00019,CUS-00019,FSI-00191,1,NO_LOCK,pool-1-thread-19,286313492559000,286313675631500,true,
TXN-NO_LOCK-00063,REQ-SIM-00063,SIM-NO_LOCK-00063,CUS-00063,FSI-00191,1,NO_LOCK,pool-1-thread-63,286313501018700,286313681012400,true,
TXN-NO_LOCK-00062,REQ-SIM-00062,SIM-NO_LOCK-00062,CUS-00062,FSI-00191,1,NO_LOCK,pool-1-thread-62,286313502240900,286313682642800,true,
TXN-NO_LOCK-00015,REQ-SIM-00015,SIM-NO_LOCK-00015,CUS-00015,FSI-00191,1,NO_LOCK,pool-1-thread-15,286313491198200,286313685209200,true,
TXN-NO_LOCK-00041,REQ-SIM-00041,SIM-NO_LOCK-00041,CUS-00041,FSI-00191,1,NO_LOCK,pool-1-thread-41,286313496931400,286313685683000,true,
TXN-NO_LOCK-00050,REQ-SIM-00050,SIM-NO_LOCK-00050,CUS-00050,FSI-00191,1,NO_LOCK,pool-1-thread-50,286313500244400,286313685701000,true,
TXN-NO_LOCK-00060,REQ-SIM-00060,SIM-NO_LOCK-00060,CUS-00060,FSI-00191,1,NO_LOCK,pool-1-thread-60,286313502761400,286313686884600,true,
TXN-NO_LOCK-00042,REQ-SIM-00042,SIM-NO_LOCK-00042,CUS-00042,FSI-00191,1,NO_LOCK,pool-1-thread-42,286313497580400,286313688623700,true,
TXN-NO_LOCK-00096,REQ-SIM-00096,SIM-NO_LOCK-00096,CUS-00096,FSI-00191,1,NO_LOCK,pool-1-thread-96,286313508493000,286313689862300,true,
TXN-NO_LOCK-00072,REQ-SIM-00072,SIM-NO_LOCK-00072,CUS-00072,FSI-00191,1,NO_LOCK,pool-1-thread-72,286313505095100,286313690461600,true,
TXN-NO_LOCK-00018,REQ-SIM-00018,SIM-NO_LOCK-00018,CUS-00018,FSI-00191,1,NO_LOCK,pool-1-thread-18,286313491628500,286313698092300,true,
TXN-NO_LOCK-00029,REQ-SIM-00029,SIM-NO_LOCK-00029,CUS-00029,FSI-00191,1,NO_LOCK,pool-1-thread-29,286313494580300,286313698317400,true,
TXN-NO_LOCK-00034,REQ-SIM-00034,SIM-NO_LOCK-00034,CUS-00034,FSI-00191,1,NO_LOCK,pool-1-thread-34,286313494858200,286313699051100,true,
TXN-NO_LOCK-00077,REQ-SIM-00077,SIM-NO_LOCK-00077,CUS-00077,FSI-00191,1,NO_LOCK,pool-1-thread-77,286313504683300,286313702041700,true,
TXN-NO_LOCK-00086,REQ-SIM-00086,SIM-NO_LOCK-00086,CUS-00086,FSI-00191,1,NO_LOCK,pool-1-thread-86,286313504177700,286313703299600,true,
TXN-NO_LOCK-00035,REQ-SIM-00035,SIM-NO_LOCK-00035,CUS-00035,FSI-00191,1,NO_LOCK,pool-1-thread-35,286313495242600,286313706136000,true,
TXN-NO_LOCK-00082,REQ-SIM-00082,SIM-NO_LOCK-00082,CUS-00082,FSI-00191,1,NO_LOCK,pool-1-thread-82,286313503709300,286313706577100,true,
TXN-NO_LOCK-00033,REQ-SIM-00033,SIM-NO_LOCK-00033,CUS-00033,FSI-00191,1,NO_LOCK,pool-1-thread-33,286313494826800,286313707308600,true,
TXN-NO_LOCK-00043,REQ-SIM-00043,SIM-NO_LOCK-00043,CUS-00043,FSI-00191,1,NO_LOCK,pool-1-thread-43,286313497793100,286313707411400,true,
TXN-NO_LOCK-00010,REQ-SIM-00010,SIM-NO_LOCK-00010,CUS-00010,FSI-00191,1,NO_LOCK,pool-1-thread-10,286313490377300,286313708211900,true,
TXN-NO_LOCK-00059,REQ-SIM-00059,SIM-NO_LOCK-00059,CUS-00059,FSI-00191,1,NO_LOCK,pool-1-thread-59,286313500898800,286313709087800,true,
TXN-NO_LOCK-00023,REQ-SIM-00023,SIM-NO_LOCK-00023,CUS-00023,FSI-00191,1,NO_LOCK,pool-1-thread-23,286313493200200,286313711494500,true,
TXN-NO_LOCK-00032,REQ-SIM-00032,SIM-NO_LOCK-00032,CUS-00032,FSI-00191,1,NO_LOCK,pool-1-thread-32,286313494715800,286313712628100,true,
TXN-NO_LOCK-00056,REQ-SIM-00056,SIM-NO_LOCK-00056,CUS-00056,FSI-00191,1,NO_LOCK,pool-1-thread-56,286313500814500,286313713158400,true,
TXN-NO_LOCK-00074,REQ-SIM-00074,SIM-NO_LOCK-00074,CUS-00074,FSI-00191,1,NO_LOCK,pool-1-thread-74,286313504011600,286313714038900,true,
TXN-NO_LOCK-00098,REQ-SIM-00098,SIM-NO_LOCK-00098,CUS-00098,FSI-00191,1,NO_LOCK,pool-1-thread-98,286313508598300,286313714447900,true,
TXN-NO_LOCK-00003,REQ-SIM-00003,SIM-NO_LOCK-00003,CUS-00003,FSI-00191,1,NO_LOCK,pool-1-thread-3,286313488868600,286313714784000,true,
TXN-NO_LOCK-00084,REQ-SIM-00084,SIM-NO_LOCK-00084,CUS-00084,FSI-00191,1,NO_LOCK,pool-1-thread-84,286313505489300,286313714896000,true,
TXN-NO_LOCK-00046,REQ-SIM-00046,SIM-NO_LOCK-00046,CUS-00046,FSI-00191,1,NO_LOCK,pool-1-thread-46,286313499640300,286313719090100,true,
TXN-NO_LOCK-00048,REQ-SIM-00048,SIM-NO_LOCK-00048,CUS-00048,FSI-00191,1,NO_LOCK,pool-1-thread-48,286313498750000,286313719391200,true,
TXN-NO_LOCK-00051,REQ-SIM-00051,SIM-NO_LOCK-00051,CUS-00051,FSI-00191,1,NO_LOCK,pool-1-thread-51,286313500470300,286313721362400,true,
TXN-NO_LOCK-00040,REQ-SIM-00040,SIM-NO_LOCK-00040,CUS-00040,FSI-00191,1,NO_LOCK,pool-1-thread-40,286313496669900,286313721340600,true,
TXN-NO_LOCK-00047,REQ-SIM-00047,SIM-NO_LOCK-00047,CUS-00047,FSI-00191,1,NO_LOCK,pool-1-thread-47,286313500456100,286313722436300,true,
TXN-NO_LOCK-00028,REQ-SIM-00028,SIM-NO_LOCK-00028,CUS-00028,FSI-00191,1,NO_LOCK,pool-1-thread-28,286313494367800,286313723434700,true,
TXN-NO_LOCK-00061,REQ-SIM-00061,SIM-NO_LOCK-00061,CUS-00061,FSI-00191,1,NO_LOCK,pool-1-thread-61,286313500827400,286313724028800,true,
TXN-NO_LOCK-00025,REQ-SIM-00025,SIM-NO_LOCK-00025,CUS-00025,FSI-00191,1,NO_LOCK,pool-1-thread-25,286313493448200,286313724435200,true,
TXN-NO_LOCK-00095,REQ-SIM-00095,SIM-NO_LOCK-00095,CUS-00095,FSI-00191,1,NO_LOCK,pool-1-thread-95,286313508478600,286313724889500,true,
TXN-NO_LOCK-00057,REQ-SIM-00057,SIM-NO_LOCK-00057,CUS-00057,FSI-00191,1,NO_LOCK,pool-1-thread-57,286313501111600,286313727612800,true,
TXN-NO_LOCK-00068,REQ-SIM-00068,SIM-NO_LOCK-00068,CUS-00068,FSI-00191,1,NO_LOCK,pool-1-thread-68,286313502747900,286313727646700,true,
TXN-NO_LOCK-00097,REQ-SIM-00097,SIM-NO_LOCK-00097,CUS-00097,FSI-00191,1,NO_LOCK,pool-1-thread-97,286313508516400,286313728253400,true,
TXN-NO_LOCK-00053,REQ-SIM-00053,SIM-NO_LOCK-00053,CUS-00053,FSI-00191,1,NO_LOCK,pool-1-thread-53,286313500672000,286313728329500,true,
TXN-NO_LOCK-00087,REQ-SIM-00087,SIM-NO_LOCK-00087,CUS-00087,FSI-00191,1,NO_LOCK,pool-1-thread-87,286313506751700,286313728991600,true,
TXN-FILE_LOCK-00012,REQ-SIM-00012,-,CUS-00012,FSI-00191,1,FILE_LOCK,pool-2-thread-12,286313779984500,286313784220600,false,
TXN-FILE_LOCK-00003,REQ-SIM-00003,-,CUS-00003,FSI-00191,1,FILE_LOCK,pool-2-thread-3,286313779717400,286313784425200,false,
TXN-FILE_LOCK-00011,REQ-SIM-00011,-,CUS-00011,FSI-00191,1,FILE_LOCK,pool-2-thread-11,286313779946100,286313784611100,false,
TXN-FILE_LOCK-00008,REQ-SIM-00008,-,CUS-00008,FSI-00191,1,FILE_LOCK,pool-2-thread-8,286313779876200,286313784726500,false,
TXN-FILE_LOCK-00009,REQ-SIM-00009,-,CUS-00009,FSI-00191,1,FILE_LOCK,pool-2-thread-9,286313779915100,286313785206200,false,
TXN-FILE_LOCK-00013,REQ-SIM-00013,-,CUS-00013,FSI-00191,1,FILE_LOCK,pool-2-thread-13,286313780009800,286313785250900,false,
TXN-FILE_LOCK-00007,REQ-SIM-00007,-,CUS-00007,FSI-00191,1,FILE_LOCK,pool-2-thread-7,286313779856900,286313785364400,false,
TXN-FILE_LOCK-00001,REQ-SIM-00001,-,CUS-00001,FSI-00191,1,FILE_LOCK,pool-2-thread-1,286313779654000,286313785411900,false,
TXN-FILE_LOCK-00010,REQ-SIM-00010,-,CUS-00010,FSI-00191,1,FILE_LOCK,pool-2-thread-10,286313779929500,286313785559900,false,
TXN-FILE_LOCK-00002,REQ-SIM-00002,-,CUS-00002,FSI-00191,1,FILE_LOCK,pool-2-thread-2,286313779682900,286313785586200,false,
TXN-FILE_LOCK-00004,REQ-SIM-00004,-,CUS-00004,FSI-00191,1,FILE_LOCK,pool-2-thread-4,286313779749800,286313785660100,false,
TXN-FILE_LOCK-00006,REQ-SIM-00006,-,CUS-00006,FSI-00191,1,FILE_LOCK,pool-2-thread-6,286313779838900,286313785799100,false,
TXN-FILE_LOCK-00016,REQ-SIM-00016,-,CUS-00016,FSI-00191,1,FILE_LOCK,pool-2-thread-16,286313780186500,286313786041700,false,
TXN-FILE_LOCK-00017,REQ-SIM-00017,-,CUS-00017,FSI-00191,1,FILE_LOCK,pool-2-thread-17,286313780206600,286313786185000,false,
TXN-FILE_LOCK-00018,REQ-SIM-00018,-,CUS-00018,FSI-00191,1,FILE_LOCK,pool-2-thread-18,286313780221100,286313786226900,false,
TXN-FILE_LOCK-00014,REQ-SIM-00014,-,CUS-00014,FSI-00191,1,FILE_LOCK,pool-2-thread-14,286313780119300,286313786345300,false,
TXN-FILE_LOCK-00019,REQ-SIM-00019,-,CUS-00019,FSI-00191,1,FILE_LOCK,pool-2-thread-19,286313780261800,286313786637300,false,
TXN-FILE_LOCK-00015,REQ-SIM-00015,-,CUS-00015,FSI-00191,1,FILE_LOCK,pool-2-thread-15,286313780172200,286313786608700,false,
TXN-FILE_LOCK-00020,REQ-SIM-00020,-,CUS-00020,FSI-00191,1,FILE_LOCK,pool-2-thread-20,286313780303300,286313787062000,false,
TXN-FILE_LOCK-00022,REQ-SIM-00022,-,CUS-00022,FSI-00191,1,FILE_LOCK,pool-2-thread-22,286313780337700,286313787292500,false,
TXN-FILE_LOCK-00021,REQ-SIM-00021,-,CUS-00021,FSI-00191,1,FILE_LOCK,pool-2-thread-21,286313780319300,286313787535000,false,
TXN-FILE_LOCK-00023,REQ-SIM-00023,-,CUS-00023,FSI-00191,1,FILE_LOCK,pool-2-thread-23,286313780401900,286313788046800,false,
TXN-FILE_LOCK-00024,REQ-SIM-00024,-,CUS-00024,FSI-00191,1,FILE_LOCK,pool-2-thread-24,286313780422700,286313788758900,false,
TXN-FILE_LOCK-00025,REQ-SIM-00025,-,CUS-00025,FSI-00191,1,FILE_LOCK,pool-2-thread-25,286313780458400,286313789338300,false,
TXN-FILE_LOCK-00031,REQ-SIM-00031,-,CUS-00031,FSI-00191,1,FILE_LOCK,pool-2-thread-31,286313780598800,286313789435800,false,
TXN-FILE_LOCK-00030,REQ-SIM-00030,-,CUS-00030,FSI-00191,1,FILE_LOCK,pool-2-thread-30,286313780582800,286313789443500,false,
TXN-FILE_LOCK-00029,REQ-SIM-00029,-,CUS-00029,FSI-00191,1,FILE_LOCK,pool-2-thread-29,286313780570000,286313789667700,false,
TXN-FILE_LOCK-00027,REQ-SIM-00027,-,CUS-00027,FSI-00191,1,FILE_LOCK,pool-2-thread-27,286313780517300,286313790287800,false,
TXN-FILE_LOCK-00028,REQ-SIM-00028,-,CUS-00028,FSI-00191,1,FILE_LOCK,pool-2-thread-28,286313780551300,286313790324300,false,
TXN-FILE_LOCK-00026,REQ-SIM-00026,-,CUS-00026,FSI-00191,1,FILE_LOCK,pool-2-thread-26,286313780489700,286313790706300,false,
TXN-FILE_LOCK-00037,REQ-SIM-00037,-,CUS-00037,FSI-00191,1,FILE_LOCK,pool-2-thread-37,286313780785500,286313791450400,false,
TXN-FILE_LOCK-00057,REQ-SIM-00057,-,CUS-00057,FSI-00191,1,FILE_LOCK,pool-2-thread-57,286313781392400,286313791424600,false,
TXN-FILE_LOCK-00095,REQ-SIM-00095,-,CUS-00095,FSI-00191,1,FILE_LOCK,pool-2-thread-95,286313782648800,286313791848500,false,
TXN-FILE_LOCK-00039,REQ-SIM-00039,-,CUS-00039,FSI-00191,1,FILE_LOCK,pool-2-thread-39,286313780840800,286313791958500,false,
TXN-FILE_LOCK-00081,REQ-SIM-00081,-,CUS-00081,FSI-00191,1,FILE_LOCK,pool-2-thread-81,286313782281800,286313792073800,false,
TXN-FILE_LOCK-00040,REQ-SIM-00040,-,CUS-00040,FSI-00191,1,FILE_LOCK,pool-2-thread-40,286313780849400,286313792151700,false,
TXN-FILE_LOCK-00077,REQ-SIM-00077,-,CUS-00077,FSI-00191,1,FILE_LOCK,pool-2-thread-77,286313782110300,286313792080100,false,
TXN-FILE_LOCK-00048,REQ-SIM-00048,-,CUS-00048,FSI-00191,1,FILE_LOCK,pool-2-thread-48,286313781046300,286313792247700,false,
TXN-FILE_LOCK-00061,REQ-SIM-00061,-,CUS-00061,FSI-00191,1,FILE_LOCK,pool-2-thread-61,286313781496200,286313792356300,false,
TXN-FILE_LOCK-00047,REQ-SIM-00047,-,CUS-00047,FSI-00191,1,FILE_LOCK,pool-2-thread-47,286313781034500,286313792401700,false,
TXN-FILE_LOCK-00042,REQ-SIM-00042,-,CUS-00042,FSI-00191,1,FILE_LOCK,pool-2-thread-42,286313780882400,286313792493900,false,
TXN-FILE_LOCK-00033,REQ-SIM-00033,-,CUS-00033,FSI-00191,1,FILE_LOCK,pool-2-thread-33,286313780715700,286313792574000,false,
TXN-FILE_LOCK-00051,REQ-SIM-00051,-,CUS-00051,FSI-00191,1,FILE_LOCK,pool-2-thread-51,286313781151600,286313792595600,false,
TXN-FILE_LOCK-00078,REQ-SIM-00078,-,CUS-00078,FSI-00191,1,FILE_LOCK,pool-2-thread-78,286313782181100,286313792990800,false,
TXN-FILE_LOCK-00067,REQ-SIM-00067,-,CUS-00067,FSI-00191,1,FILE_LOCK,pool-2-thread-67,286313781719000,286313793112900,false,
TXN-FILE_LOCK-00076,REQ-SIM-00076,-,CUS-00076,FSI-00191,1,FILE_LOCK,pool-2-thread-76,286313782095900,286313793187900,false,
TXN-FILE_LOCK-00083,REQ-SIM-00083,-,CUS-00083,FSI-00191,1,FILE_LOCK,pool-2-thread-83,286313782360100,286313793347000,false,
TXN-FILE_LOCK-00046,REQ-SIM-00046,-,CUS-00046,FSI-00191,1,FILE_LOCK,pool-2-thread-46,286313780997600,286313793369000,false,
TXN-FILE_LOCK-00090,REQ-SIM-00090,-,CUS-00090,FSI-00191,1,FILE_LOCK,pool-2-thread-90,286313782581100,286313793517300,false,
TXN-FILE_LOCK-00055,REQ-SIM-00055,-,CUS-00055,FSI-00191,1,FILE_LOCK,pool-2-thread-55,286313781352800,286313793567800,false,
TXN-FILE_LOCK-00044,REQ-SIM-00044,-,CUS-00044,FSI-00191,1,FILE_LOCK,pool-2-thread-44,286313780929900,286313793678800,false,
TXN-FILE_LOCK-00038,REQ-SIM-00038,-,CUS-00038,FSI-00191,1,FILE_LOCK,pool-2-thread-38,286313780817600,286313793698400,false,
TXN-FILE_LOCK-00088,REQ-SIM-00088,-,CUS-00088,FSI-00191,1,FILE_LOCK,pool-2-thread-88,286313782532400,286313793827000,false,
TXN-FILE_LOCK-00073,REQ-SIM-00073,-,CUS-00073,FSI-00191,1,FILE_LOCK,pool-2-thread-73,286313781934200,286313793927000,false,
TXN-FILE_LOCK-00079,REQ-SIM-00079,-,CUS-00079,FSI-00191,1,FILE_LOCK,pool-2-thread-79,286313782225900,286313793989400,false,
TXN-FILE_LOCK-00064,REQ-SIM-00064,-,CUS-00064,FSI-00191,1,FILE_LOCK,pool-2-thread-64,286313781587200,286313794203700,false,
TXN-FILE_LOCK-00100,REQ-SIM-00100,-,CUS-00100,FSI-00191,1,FILE_LOCK,pool-2-thread-100,286313782794500,286313794157500,false,
TXN-FILE_LOCK-00065,REQ-SIM-00065,-,CUS-00065,FSI-00191,1,FILE_LOCK,pool-2-thread-65,286313781603500,286313794232300,false,
TXN-FILE_LOCK-00041,REQ-SIM-00041,-,CUS-00041,FSI-00191,1,FILE_LOCK,pool-2-thread-41,286313780862400,286313794277400,false,
TXN-FILE_LOCK-00049,REQ-SIM-00049,-,CUS-00049,FSI-00191,1,FILE_LOCK,pool-2-thread-49,286313781089000,286313794436000,false,
TXN-FILE_LOCK-00059,REQ-SIM-00059,-,CUS-00059,FSI-00191,1,FILE_LOCK,pool-2-thread-59,286313781445400,286313794523500,false,
TXN-FILE_LOCK-00052,REQ-SIM-00052,-,CUS-00052,FSI-00191,1,FILE_LOCK,pool-2-thread-52,286313781240500,286313794578800,false,
TXN-FILE_LOCK-00089,REQ-SIM-00089,-,CUS-00089,FSI-00191,1,FILE_LOCK,pool-2-thread-89,286313782549900,286313794669100,false,
TXN-FILE_LOCK-00036,REQ-SIM-00036,-,CUS-00036,FSI-00191,1,FILE_LOCK,pool-2-thread-36,286313780756200,286313794773300,false,
TXN-FILE_LOCK-00091,REQ-SIM-00091,-,CUS-00091,FSI-00191,1,FILE_LOCK,pool-2-thread-91,286313782617700,286313794852900,false,
TXN-FILE_LOCK-00053,REQ-SIM-00053,-,CUS-00053,FSI-00191,1,FILE_LOCK,pool-2-thread-53,286313781257500,286313795024000,false,
TXN-FILE_LOCK-00035,REQ-SIM-00035,-,CUS-00035,FSI-00191,1,FILE_LOCK,pool-2-thread-35,286313780730500,286313794981800,false,
TXN-FILE_LOCK-00092,REQ-SIM-00092,-,CUS-00092,FSI-00191,1,FILE_LOCK,pool-2-thread-92,286313782689400,286313795201900,false,
TXN-FILE_LOCK-00032,REQ-SIM-00032,-,CUS-00032,FSI-00191,1,FILE_LOCK,pool-2-thread-32,286313780636000,286313795349900,false,
TXN-FILE_LOCK-00062,REQ-SIM-00062,-,CUS-00062,FSI-00191,1,FILE_LOCK,pool-2-thread-62,286313781528400,286313795450200,false,
TXN-FILE_LOCK-00087,REQ-SIM-00087,-,CUS-00087,FSI-00191,1,FILE_LOCK,pool-2-thread-87,286313782508300,286313795459500,false,
TXN-FILE_LOCK-00070,REQ-SIM-00070,-,CUS-00070,FSI-00191,1,FILE_LOCK,pool-2-thread-70,286313781848600,286313795533300,false,
TXN-FILE_LOCK-00069,REQ-SIM-00069,-,CUS-00069,FSI-00191,1,FILE_LOCK,pool-2-thread-69,286313781763800,286313795592200,false,
TXN-FILE_LOCK-00034,REQ-SIM-00034,-,CUS-00034,FSI-00191,1,FILE_LOCK,pool-2-thread-34,286313780684200,286313795571800,false,
TXN-FILE_LOCK-00098,REQ-SIM-00098,-,CUS-00098,FSI-00191,1,FILE_LOCK,pool-2-thread-98,286313782758000,286313795620200,false,
TXN-FILE_LOCK-00068,REQ-SIM-00068,-,CUS-00068,FSI-00191,1,FILE_LOCK,pool-2-thread-68,286313781741600,286313795700500,false,
TXN-FILE_LOCK-00086,REQ-SIM-00086,-,CUS-00086,FSI-00191,1,FILE_LOCK,pool-2-thread-86,286313782487700,286313795763800,false,
TXN-FILE_LOCK-00074,REQ-SIM-00074,-,CUS-00074,FSI-00191,1,FILE_LOCK,pool-2-thread-74,286313782047700,286313795816700,false,
TXN-FILE_LOCK-00054,REQ-SIM-00054,-,CUS-00054,FSI-00191,1,FILE_LOCK,pool-2-thread-54,286313781278900,286313795890400,false,
TXN-FILE_LOCK-00097,REQ-SIM-00097,-,CUS-00097,FSI-00191,1,FILE_LOCK,pool-2-thread-97,286313782784500,286313795856400,false,
TXN-FILE_LOCK-00071,REQ-SIM-00071,-,CUS-00071,FSI-00191,1,FILE_LOCK,pool-2-thread-71,286313781876400,286313795878700,false,
TXN-FILE_LOCK-00093,REQ-SIM-00093,-,CUS-00093,FSI-00191,1,FILE_LOCK,pool-2-thread-93,286313782723600,286313795974900,false,
TXN-FILE_LOCK-00066,REQ-SIM-00066,-,CUS-00066,FSI-00191,1,FILE_LOCK,pool-2-thread-66,286313781680300,286313796037800,false,
TXN-FILE_LOCK-00094,REQ-SIM-00094,-,CUS-00094,FSI-00191,1,FILE_LOCK,pool-2-thread-94,286313782631500,286313796075200,false,
TXN-FILE_LOCK-00082,REQ-SIM-00082,-,CUS-00082,FSI-00191,1,FILE_LOCK,pool-2-thread-82,286313782312500,286313796134900,false,
TXN-FILE_LOCK-00063,REQ-SIM-00063,-,CUS-00063,FSI-00191,1,FILE_LOCK,pool-2-thread-63,286313781555300,286313796191700,false,
TXN-FILE_LOCK-00085,REQ-SIM-00085,-,CUS-00085,FSI-00191,1,FILE_LOCK,pool-2-thread-85,286313782447600,286313796303200,false,
TXN-FILE_LOCK-00072,REQ-SIM-00072,-,CUS-00072,FSI-00191,1,FILE_LOCK,pool-2-thread-72,286313781892900,286313796253800,false,
TXN-FILE_LOCK-00080,REQ-SIM-00080,-,CUS-00080,FSI-00191,1,FILE_LOCK,pool-2-thread-80,286313782260600,286313796362000,false,
TXN-FILE_LOCK-00043,REQ-SIM-00043,-,CUS-00043,FSI-00191,1,FILE_LOCK,pool-2-thread-43,286313780907100,286313796416400,false,
TXN-FILE_LOCK-00060,REQ-SIM-00060,-,CUS-00060,FSI-00191,1,FILE_LOCK,pool-2-thread-60,286313781478700,286313796463900,false,
TXN-FILE_LOCK-00056,REQ-SIM-00056,-,CUS-00056,FSI-00191,1,FILE_LOCK,pool-2-thread-56,286313781377100,286313796507200,false,
TXN-FILE_LOCK-00084,REQ-SIM-00084,-,CUS-00084,FSI-00191,1,FILE_LOCK,pool-2-thread-84,286313782388800,286313796548500,false,
TXN-FILE_LOCK-00075,REQ-SIM-00075,-,CUS-00075,FSI-00191,1,FILE_LOCK,pool-2-thread-75,286313782081900,286313796602900,false,
TXN-FILE_LOCK-00058,REQ-SIM-00058,-,CUS-00058,FSI-00191,1,FILE_LOCK,pool-2-thread-58,286313781425800,286313796653500,false,
TXN-FILE_LOCK-00045,REQ-SIM-00045,-,CUS-00045,FSI-00191,1,FILE_LOCK,pool-2-thread-45,286313780971800,286313796707400,false,
TXN-FILE_LOCK-00096,REQ-SIM-00096,-,CUS-00096,FSI-00191,1,FILE_LOCK,pool-2-thread-96,286313782734000,286313796771700,false,
TXN-FILE_LOCK-00050,REQ-SIM-00050,-,CUS-00050,FSI-00191,1,FILE_LOCK,pool-2-thread-50,286313781103600,286313796852100,false,
TXN-FILE_LOCK-00099,REQ-SIM-00099,-,CUS-00099,FSI-00191,1,FILE_LOCK,pool-2-thread-99,286313782811600,286313796915900,false,
TXN-FILE_LOCK-00005,REQ-SIM-00005,SIM-FILE_LOCK-00005,CUS-00005,FSI-00191,1,FILE_LOCK,pool-2-thread-5,286313779808300,286313797453000,true,
TXN-SYNCHRONIZED-00001,REQ-SIM-00001,SIM-SYNCHRONIZED-00001,CUS-00001,FSI-00191,1,SYNCHRONIZED,pool-3-thread-1,286313825632600,286313831024200,true,
TXN-SYNCHRONIZED-00100,REQ-SIM-00100,SIM-SYNCHRONIZED-00100,CUS-00100,FSI-00191,1,SYNCHRONIZED,pool-3-thread-100,286313828016900,286313834675200,true,
TXN-SYNCHRONIZED-00099,REQ-SIM-00099,SIM-SYNCHRONIZED-00099,CUS-00099,FSI-00191,1,SYNCHRONIZED,pool-3-thread-99,286313828003200,286313839559600,true,
TXN-SYNCHRONIZED-00098,REQ-SIM-00098,SIM-SYNCHRONIZED-00098,CUS-00098,FSI-00191,1,SYNCHRONIZED,pool-3-thread-98,286313827982100,286313843265000,true,
TXN-SYNCHRONIZED-00097,REQ-SIM-00097,SIM-SYNCHRONIZED-00097,CUS-00097,FSI-00191,1,SYNCHRONIZED,pool-3-thread-97,286313827962500,286313845458100,true,
TXN-SYNCHRONIZED-00096,REQ-SIM-00096,SIM-SYNCHRONIZED-00096,CUS-00096,FSI-00191,1,SYNCHRONIZED,pool-3-thread-96,286313827921900,286313848763200,true,
TXN-SYNCHRONIZED-00093,REQ-SIM-00093,SIM-SYNCHRONIZED-00093,CUS-00093,FSI-00191,1,SYNCHRONIZED,pool-3-thread-93,286313827902100,286313852330900,true,
TXN-SYNCHRONIZED-00095,REQ-SIM-00095,SIM-SYNCHRONIZED-00095,CUS-00095,FSI-00191,1,SYNCHRONIZED,pool-3-thread-95,286313827882000,286313855314100,true,
TXN-SYNCHRONIZED-00094,REQ-SIM-00094,SIM-SYNCHRONIZED-00094,CUS-00094,FSI-00191,1,SYNCHRONIZED,pool-3-thread-94,286313827862200,286313857477500,true,
TXN-SYNCHRONIZED-00092,REQ-SIM-00092,SIM-SYNCHRONIZED-00092,CUS-00092,FSI-00191,1,SYNCHRONIZED,pool-3-thread-92,286313827841500,286313859627400,true,
TXN-SYNCHRONIZED-00089,REQ-SIM-00089,SIM-SYNCHRONIZED-00089,CUS-00089,FSI-00191,1,SYNCHRONIZED,pool-3-thread-89,286313827821400,286313861656000,true,
TXN-SYNCHRONIZED-00091,REQ-SIM-00091,SIM-SYNCHRONIZED-00091,CUS-00091,FSI-00191,1,SYNCHRONIZED,pool-3-thread-91,286313827802100,286313864863800,true,
TXN-SYNCHRONIZED-00090,REQ-SIM-00090,SIM-SYNCHRONIZED-00090,CUS-00090,FSI-00191,1,SYNCHRONIZED,pool-3-thread-90,286313827772100,286313867090700,true,
TXN-SYNCHRONIZED-00088,REQ-SIM-00088,SIM-SYNCHRONIZED-00088,CUS-00088,FSI-00191,1,SYNCHRONIZED,pool-3-thread-88,286313827751000,286313869075700,true,
TXN-SYNCHRONIZED-00087,REQ-SIM-00087,SIM-SYNCHRONIZED-00087,CUS-00087,FSI-00191,1,SYNCHRONIZED,pool-3-thread-87,286313827731600,286313871015100,true,
TXN-SYNCHRONIZED-00085,REQ-SIM-00085,SIM-SYNCHRONIZED-00085,CUS-00085,FSI-00191,1,SYNCHRONIZED,pool-3-thread-85,286313827711100,286313872996600,true,
TXN-SYNCHRONIZED-00086,REQ-SIM-00086,SIM-SYNCHRONIZED-00086,CUS-00086,FSI-00191,1,SYNCHRONIZED,pool-3-thread-86,286313827688900,286313875221000,true,
TXN-SYNCHRONIZED-00083,REQ-SIM-00083,SIM-SYNCHRONIZED-00083,CUS-00083,FSI-00191,1,SYNCHRONIZED,pool-3-thread-83,286313827662400,286313877706000,true,
TXN-SYNCHRONIZED-00084,REQ-SIM-00084,SIM-SYNCHRONIZED-00084,CUS-00084,FSI-00191,1,SYNCHRONIZED,pool-3-thread-84,286313827661600,286313880796000,true,
TXN-SYNCHRONIZED-00081,REQ-SIM-00081,SIM-SYNCHRONIZED-00081,CUS-00081,FSI-00191,1,SYNCHRONIZED,pool-3-thread-81,286313827637200,286313885561500,true,
TXN-SYNCHRONIZED-00082,REQ-SIM-00082,SIM-SYNCHRONIZED-00082,CUS-00082,FSI-00191,1,SYNCHRONIZED,pool-3-thread-82,286313827617500,286313888871700,true,
TXN-SYNCHRONIZED-00080,REQ-SIM-00080,SIM-SYNCHRONIZED-00080,CUS-00080,FSI-00191,1,SYNCHRONIZED,pool-3-thread-80,286313827596200,286313890915400,true,
TXN-SYNCHRONIZED-00079,REQ-SIM-00079,SIM-SYNCHRONIZED-00079,CUS-00079,FSI-00191,1,SYNCHRONIZED,pool-3-thread-79,286313827590700,286313893029700,true,
TXN-SYNCHRONIZED-00078,REQ-SIM-00078,SIM-SYNCHRONIZED-00078,CUS-00078,FSI-00191,1,SYNCHRONIZED,pool-3-thread-78,286313827564900,286313895191300,true,
TXN-SYNCHRONIZED-00077,REQ-SIM-00077,SIM-SYNCHRONIZED-00077,CUS-00077,FSI-00191,1,SYNCHRONIZED,pool-3-thread-77,286313827543900,286313897249700,true,
TXN-SYNCHRONIZED-00076,REQ-SIM-00076,SIM-SYNCHRONIZED-00076,CUS-00076,FSI-00191,1,SYNCHRONIZED,pool-3-thread-76,286313827521100,286313899380500,true,
TXN-SYNCHRONIZED-00075,REQ-SIM-00075,SIM-SYNCHRONIZED-00075,CUS-00075,FSI-00191,1,SYNCHRONIZED,pool-3-thread-75,286313827486900,286313901693100,true,
TXN-SYNCHRONIZED-00074,REQ-SIM-00074,SIM-SYNCHRONIZED-00074,CUS-00074,FSI-00191,1,SYNCHRONIZED,pool-3-thread-74,286313827443100,286313904413800,true,
TXN-SYNCHRONIZED-00073,REQ-SIM-00073,SIM-SYNCHRONIZED-00073,CUS-00073,FSI-00191,1,SYNCHRONIZED,pool-3-thread-73,286313827423200,286313906226400,true,
TXN-SYNCHRONIZED-00072,REQ-SIM-00072,SIM-SYNCHRONIZED-00072,CUS-00072,FSI-00191,1,SYNCHRONIZED,pool-3-thread-72,286313827397000,286313909528900,true,
TXN-SYNCHRONIZED-00071,REQ-SIM-00071,SIM-SYNCHRONIZED-00071,CUS-00071,FSI-00191,1,SYNCHRONIZED,pool-3-thread-71,286313827360400,286313912399000,true,
TXN-SYNCHRONIZED-00070,REQ-SIM-00070,SIM-SYNCHRONIZED-00070,CUS-00070,FSI-00191,1,SYNCHRONIZED,pool-3-thread-70,286313827340200,286313916325200,true,
TXN-SYNCHRONIZED-00069,REQ-SIM-00069,SIM-SYNCHRONIZED-00069,CUS-00069,FSI-00191,1,SYNCHRONIZED,pool-3-thread-69,286313827321500,286313918919200,true,
TXN-SYNCHRONIZED-00068,REQ-SIM-00068,SIM-SYNCHRONIZED-00068,CUS-00068,FSI-00191,1,SYNCHRONIZED,pool-3-thread-68,286313827300400,286313922025500,true,
TXN-SYNCHRONIZED-00067,REQ-SIM-00067,SIM-SYNCHRONIZED-00067,CUS-00067,FSI-00191,1,SYNCHRONIZED,pool-3-thread-67,286313827281400,286313924620500,true,
TXN-SYNCHRONIZED-00066,REQ-SIM-00066,SIM-SYNCHRONIZED-00066,CUS-00066,FSI-00191,1,SYNCHRONIZED,pool-3-thread-66,286313827261500,286313928017000,true,
TXN-SYNCHRONIZED-00065,REQ-SIM-00065,SIM-SYNCHRONIZED-00065,CUS-00065,FSI-00191,1,SYNCHRONIZED,pool-3-thread-65,286313827240600,286313930031800,true,
TXN-SYNCHRONIZED-00064,REQ-SIM-00064,SIM-SYNCHRONIZED-00064,CUS-00064,FSI-00191,1,SYNCHRONIZED,pool-3-thread-64,286313827220500,286313931650600,true,
TXN-SYNCHRONIZED-00063,REQ-SIM-00063,SIM-SYNCHRONIZED-00063,CUS-00063,FSI-00191,1,SYNCHRONIZED,pool-3-thread-63,286313827195500,286313934414400,true,
TXN-SYNCHRONIZED-00062,REQ-SIM-00062,SIM-SYNCHRONIZED-00062,CUS-00062,FSI-00191,1,SYNCHRONIZED,pool-3-thread-62,286313827176000,286313937058100,true,
TXN-SYNCHRONIZED-00061,REQ-SIM-00061,SIM-SYNCHRONIZED-00061,CUS-00061,FSI-00191,1,SYNCHRONIZED,pool-3-thread-61,286313827149100,286313941050500,true,
TXN-SYNCHRONIZED-00060,REQ-SIM-00060,SIM-SYNCHRONIZED-00060,CUS-00060,FSI-00191,1,SYNCHRONIZED,pool-3-thread-60,286313827129000,286313943742000,true,
TXN-SYNCHRONIZED-00059,REQ-SIM-00059,SIM-SYNCHRONIZED-00059,CUS-00059,FSI-00191,1,SYNCHRONIZED,pool-3-thread-59,286313827108700,286313947298600,true,
TXN-SYNCHRONIZED-00058,REQ-SIM-00058,SIM-SYNCHRONIZED-00058,CUS-00058,FSI-00191,1,SYNCHRONIZED,pool-3-thread-58,286313827088000,286313950604300,true,
TXN-SYNCHRONIZED-00057,REQ-SIM-00057,SIM-SYNCHRONIZED-00057,CUS-00057,FSI-00191,1,SYNCHRONIZED,pool-3-thread-57,286313827067200,286313953973200,true,
TXN-SYNCHRONIZED-00056,REQ-SIM-00056,SIM-SYNCHRONIZED-00056,CUS-00056,FSI-00191,1,SYNCHRONIZED,pool-3-thread-56,286313827047600,286313957405300,true,
TXN-SYNCHRONIZED-00055,REQ-SIM-00055,SIM-SYNCHRONIZED-00055,CUS-00055,FSI-00191,1,SYNCHRONIZED,pool-3-thread-55,286313827003200,286313960144300,true,
TXN-SYNCHRONIZED-00054,REQ-SIM-00054,SIM-SYNCHRONIZED-00054,CUS-00054,FSI-00191,1,SYNCHRONIZED,pool-3-thread-54,286313826970100,286313962176900,true,
TXN-SYNCHRONIZED-00053,REQ-SIM-00053,SIM-SYNCHRONIZED-00053,CUS-00053,FSI-00191,1,SYNCHRONIZED,pool-3-thread-53,286313826946900,286313963878300,true,
TXN-SYNCHRONIZED-00052,REQ-SIM-00052,SIM-SYNCHRONIZED-00052,CUS-00052,FSI-00191,1,SYNCHRONIZED,pool-3-thread-52,286313826916800,286313965391800,true,
TXN-SYNCHRONIZED-00051,REQ-SIM-00051,SIM-SYNCHRONIZED-00051,CUS-00051,FSI-00191,1,SYNCHRONIZED,pool-3-thread-51,286313826891400,286313967838400,true,
TXN-SYNCHRONIZED-00050,REQ-SIM-00050,SIM-SYNCHRONIZED-00050,CUS-00050,FSI-00191,1,SYNCHRONIZED,pool-3-thread-50,286313826871700,286313971249000,true,
TXN-SYNCHRONIZED-00049,REQ-SIM-00049,SIM-SYNCHRONIZED-00049,CUS-00049,FSI-00191,1,SYNCHRONIZED,pool-3-thread-49,286313826840800,286313979114400,true,
TXN-SYNCHRONIZED-00048,REQ-SIM-00048,SIM-SYNCHRONIZED-00048,CUS-00048,FSI-00191,1,SYNCHRONIZED,pool-3-thread-48,286313826820200,286313981482100,true,
TXN-SYNCHRONIZED-00047,REQ-SIM-00047,SIM-SYNCHRONIZED-00047,CUS-00047,FSI-00191,1,SYNCHRONIZED,pool-3-thread-47,286313826799700,286313986558800,true,
TXN-SYNCHRONIZED-00046,REQ-SIM-00046,SIM-SYNCHRONIZED-00046,CUS-00046,FSI-00191,1,SYNCHRONIZED,pool-3-thread-46,286313826780700,286313989713600,true,
TXN-SYNCHRONIZED-00045,REQ-SIM-00045,SIM-SYNCHRONIZED-00045,CUS-00045,FSI-00191,1,SYNCHRONIZED,pool-3-thread-45,286313826759300,286313991980500,true,
TXN-SYNCHRONIZED-00044,REQ-SIM-00044,SIM-SYNCHRONIZED-00044,CUS-00044,FSI-00191,1,SYNCHRONIZED,pool-3-thread-44,286313826719200,286313994052500,true,
TXN-SYNCHRONIZED-00043,REQ-SIM-00043,SIM-SYNCHRONIZED-00043,CUS-00043,FSI-00191,1,SYNCHRONIZED,pool-3-thread-43,286313826666000,286313996422000,true,
TXN-SYNCHRONIZED-00042,REQ-SIM-00042,SIM-SYNCHRONIZED-00042,CUS-00042,FSI-00191,1,SYNCHRONIZED,pool-3-thread-42,286313826638300,286313999267600,true,
TXN-SYNCHRONIZED-00041,REQ-SIM-00041,SIM-SYNCHRONIZED-00041,CUS-00041,FSI-00191,1,SYNCHRONIZED,pool-3-thread-41,286313826617100,286314001890200,true,
TXN-SYNCHRONIZED-00040,REQ-SIM-00040,SIM-SYNCHRONIZED-00040,CUS-00040,FSI-00191,1,SYNCHRONIZED,pool-3-thread-40,286313826583900,286314004538500,true,
TXN-SYNCHRONIZED-00039,REQ-SIM-00039,SIM-SYNCHRONIZED-00039,CUS-00039,FSI-00191,1,SYNCHRONIZED,pool-3-thread-39,286313826559600,286314007282100,true,
TXN-SYNCHRONIZED-00038,REQ-SIM-00038,SIM-SYNCHRONIZED-00038,CUS-00038,FSI-00191,1,SYNCHRONIZED,pool-3-thread-38,286313826533900,286314010080800,true,
TXN-SYNCHRONIZED-00037,REQ-SIM-00037,SIM-SYNCHRONIZED-00037,CUS-00037,FSI-00191,1,SYNCHRONIZED,pool-3-thread-37,286313826503100,286314012835600,true,
TXN-SYNCHRONIZED-00036,REQ-SIM-00036,SIM-SYNCHRONIZED-00036,CUS-00036,FSI-00191,1,SYNCHRONIZED,pool-3-thread-36,286313826473500,286314015485500,true,
TXN-SYNCHRONIZED-00035,REQ-SIM-00035,SIM-SYNCHRONIZED-00035,CUS-00035,FSI-00191,1,SYNCHRONIZED,pool-3-thread-35,286313826450800,286314018063100,true,
TXN-SYNCHRONIZED-00034,REQ-SIM-00034,SIM-SYNCHRONIZED-00034,CUS-00034,FSI-00191,1,SYNCHRONIZED,pool-3-thread-34,286313826416600,286314020789800,true,
TXN-SYNCHRONIZED-00033,REQ-SIM-00033,SIM-SYNCHRONIZED-00033,CUS-00033,FSI-00191,1,SYNCHRONIZED,pool-3-thread-33,286313826393000,286314023519900,true,
TXN-SYNCHRONIZED-00032,REQ-SIM-00032,SIM-SYNCHRONIZED-00032,CUS-00032,FSI-00191,1,SYNCHRONIZED,pool-3-thread-32,286313826370800,286314026240200,true,
TXN-SYNCHRONIZED-00031,REQ-SIM-00031,SIM-SYNCHRONIZED-00031,CUS-00031,FSI-00191,1,SYNCHRONIZED,pool-3-thread-31,286313826345600,286314029164400,true,
TXN-SYNCHRONIZED-00030,REQ-SIM-00030,SIM-SYNCHRONIZED-00030,CUS-00030,FSI-00191,1,SYNCHRONIZED,pool-3-thread-30,286313826323200,286314031964500,true,
TXN-SYNCHRONIZED-00029,REQ-SIM-00029,SIM-SYNCHRONIZED-00029,CUS-00029,FSI-00191,1,SYNCHRONIZED,pool-3-thread-29,286313826302000,286314033320300,true,
TXN-SYNCHRONIZED-00028,REQ-SIM-00028,SIM-SYNCHRONIZED-00028,CUS-00028,FSI-00191,1,SYNCHRONIZED,pool-3-thread-28,286313826279100,286314036325100,true,
TXN-SYNCHRONIZED-00027,REQ-SIM-00027,SIM-SYNCHRONIZED-00027,CUS-00027,FSI-00191,1,SYNCHRONIZED,pool-3-thread-27,286313826257100,286314039206400,true,
TXN-SYNCHRONIZED-00026,REQ-SIM-00026,SIM-SYNCHRONIZED-00026,CUS-00026,FSI-00191,1,SYNCHRONIZED,pool-3-thread-26,286313826231600,286314040953300,true,
TXN-SYNCHRONIZED-00025,REQ-SIM-00025,SIM-SYNCHRONIZED-00025,CUS-00025,FSI-00191,1,SYNCHRONIZED,pool-3-thread-25,286313826208000,286314043842500,true,
TXN-SYNCHRONIZED-00024,REQ-SIM-00024,SIM-SYNCHRONIZED-00024,CUS-00024,FSI-00191,1,SYNCHRONIZED,pool-3-thread-24,286313826173300,286314046805000,true,
TXN-SYNCHRONIZED-00023,REQ-SIM-00023,SIM-SYNCHRONIZED-00023,CUS-00023,FSI-00191,1,SYNCHRONIZED,pool-3-thread-23,286313826150600,286314049931000,true,
TXN-SYNCHRONIZED-00022,REQ-SIM-00022,SIM-SYNCHRONIZED-00022,CUS-00022,FSI-00191,1,SYNCHRONIZED,pool-3-thread-22,286313826129100,286314052750600,true,
TXN-SYNCHRONIZED-00021,REQ-SIM-00021,SIM-SYNCHRONIZED-00021,CUS-00021,FSI-00191,1,SYNCHRONIZED,pool-3-thread-21,286313826106100,286314055288900,true,
TXN-SYNCHRONIZED-00020,REQ-SIM-00020,SIM-SYNCHRONIZED-00020,CUS-00020,FSI-00191,1,SYNCHRONIZED,pool-3-thread-20,286313826084400,286314058200800,true,
TXN-SYNCHRONIZED-00019,REQ-SIM-00019,SIM-SYNCHRONIZED-00019,CUS-00019,FSI-00191,1,SYNCHRONIZED,pool-3-thread-19,286313826059700,286314060825900,true,
TXN-SYNCHRONIZED-00018,REQ-SIM-00018,SIM-SYNCHRONIZED-00018,CUS-00018,FSI-00191,1,SYNCHRONIZED,pool-3-thread-18,286313826038500,286314063267300,true,
TXN-SYNCHRONIZED-00017,REQ-SIM-00017,SIM-SYNCHRONIZED-00017,CUS-00017,FSI-00191,1,SYNCHRONIZED,pool-3-thread-17,286313826012200,286314065809800,true,
TXN-SYNCHRONIZED-00016,REQ-SIM-00016,SIM-SYNCHRONIZED-00016,CUS-00016,FSI-00191,1,SYNCHRONIZED,pool-3-thread-16,286313825989700,286314068670500,true,
TXN-SYNCHRONIZED-00015,REQ-SIM-00015,SIM-SYNCHRONIZED-00015,CUS-00015,FSI-00191,1,SYNCHRONIZED,pool-3-thread-15,286313825967900,286314071251600,true,
TXN-SYNCHRONIZED-00014,REQ-SIM-00014,SIM-SYNCHRONIZED-00014,CUS-00014,FSI-00191,1,SYNCHRONIZED,pool-3-thread-14,286313825946000,286314073882000,true,
TXN-SYNCHRONIZED-00013,REQ-SIM-00013,SIM-SYNCHRONIZED-00013,CUS-00013,FSI-00191,1,SYNCHRONIZED,pool-3-thread-13,286313825922400,286314076702100,true,
TXN-SYNCHRONIZED-00012,REQ-SIM-00012,-,CUS-00012,FSI-00191,1,SYNCHRONIZED,pool-3-thread-12,286313825898700,286314077688900,false,Hết hàng! Sản phẩm Flash Sale 'FSI-00191': yêu cầu 1; còn lại 0
TXN-SYNCHRONIZED-00011,REQ-SIM-00011,-,CUS-00011,FSI-00191,1,SYNCHRONIZED,pool-3-thread-11,286313825885000,286314078629100,false,Hết hàng! Sản phẩm Flash Sale 'FSI-00191': yêu cầu 1; còn lại 0
TXN-SYNCHRONIZED-00010,REQ-SIM-00010,-,CUS-00010,FSI-00191,1,SYNCHRONIZED,pool-3-thread-10,286313825862700,286314079493600,false,Hết hàng! Sản phẩm Flash Sale 'FSI-00191': yêu cầu 1; còn lại 0
TXN-SYNCHRONIZED-00009,REQ-SIM-00009,-,CUS-00009,FSI-00191,1,SYNCHRONIZED,pool-3-thread-9,286313825833900,286314080421000,false,Hết hàng! Sản phẩm Flash Sale 'FSI-00191': yêu cầu 1; còn lại 0
TXN-SYNCHRONIZED-00008,REQ-SIM-00008,-,CUS-00008,FSI-00191,1,SYNCHRONIZED,pool-3-thread-8,286313825808700,286314081344500,false,Hết hàng! Sản phẩm Flash Sale 'FSI-00191': yêu cầu 1; còn lại 0
TXN-SYNCHRONIZED-00007,REQ-SIM-00007,-,CUS-00007,FSI-00191,1,SYNCHRONIZED,pool-3-thread-7,286313825785100,286314082249800,false,Hết hàng! Sản phẩm Flash Sale 'FSI-00191': yêu cầu 1; còn lại 0
TXN-SYNCHRONIZED-00006,REQ-SIM-00006,-,CUS-00006,FSI-00191,1,SYNCHRONIZED,pool-3-thread-6,286313825755400,286314082789400,false,Hết hàng! Sản phẩm Flash Sale 'FSI-00191': yêu cầu 1; còn lại 0
TXN-SYNCHRONIZED-00005,REQ-SIM-00005,-,CUS-00005,FSI-00191,1,SYNCHRONIZED,pool-3-thread-5,286313825733200,286314083231800,false,Hết hàng! Sản phẩm Flash Sale 'FSI-00191': yêu cầu 1; còn lại 0
TXN-SYNCHRONIZED-00004,REQ-SIM-00004,-,CUS-00004,FSI-00191,1,SYNCHRONIZED,pool-3-thread-4,286313825710200,286314083615900,false,Hết hàng! Sản phẩm Flash Sale 'FSI-00191': yêu cầu 1; còn lại 0
TXN-SYNCHRONIZED-00003,REQ-SIM-00003,-,CUS-00003,FSI-00191,1,SYNCHRONIZED,pool-3-thread-3,286313825684300,286314083971300,false,Hết hàng! Sản phẩm Flash Sale 'FSI-00191': yêu cầu 1; còn lại 0
TXN-SYNCHRONIZED-00002,REQ-SIM-00002,-,CUS-00002,FSI-00191,1,SYNCHRONIZED,pool-3-thread-2,286313825657500,286314084773300,false,Hết hàng! Sản phẩm Flash Sale 'FSI-00191': yêu cầu 1; còn lại 0
TXN-OPTIMISTIC-00008,REQ-SIM-00008,SIM-OPTIMISTIC-00008,CUS-00008,FSI-00191,1,OPTIMISTIC,pool-4-thread-8,286314101071700,286314117870700,true,
TXN-OPTIMISTIC-00091,REQ-SIM-00091,SIM-OPTIMISTIC-00091,CUS-00091,FSI-00191,1,OPTIMISTIC,pool-4-thread-91,286314111233800,286314134552600,true,
TXN-OPTIMISTIC-00060,REQ-SIM-00060,SIM-OPTIMISTIC-00060,CUS-00060,FSI-00191,1,OPTIMISTIC,pool-4-thread-60,286314106111600,286314153497500,true,
TXN-OPTIMISTIC-00050,REQ-SIM-00050,SIM-OPTIMISTIC-00050,CUS-00050,FSI-00191,1,OPTIMISTIC,pool-4-thread-50,286314105290400,286314176570500,true,
TXN-OPTIMISTIC-00011,REQ-SIM-00011,SIM-OPTIMISTIC-00011,CUS-00011,FSI-00191,1,OPTIMISTIC,pool-4-thread-11,286314101361500,286314191679000,true,
TXN-OPTIMISTIC-00042,REQ-SIM-00042,SIM-OPTIMISTIC-00042,CUS-00042,FSI-00191,1,OPTIMISTIC,pool-4-thread-42,286314104889700,286314206108700,true,
TXN-OPTIMISTIC-00013,REQ-SIM-00013,-,CUS-00013,FSI-00191,1,OPTIMISTIC,pool-4-thread-13,286314102725100,286314216778500,false,Không tìm thấy FlashSaleItem với ID 'FSI-00191'.
TXN-OPTIMISTIC-00001,REQ-SIM-00001,SIM-OPTIMISTIC-00001,CUS-00001,FSI-00191,1,OPTIMISTIC,pool-4-thread-1,286314100979100,286314217188000,true,
TXN-OPTIMISTIC-00026,REQ-SIM-00026,SIM-OPTIMISTIC-00026,CUS-00026,FSI-00191,1,OPTIMISTIC,pool-4-thread-26,286314102855500,286314224489100,true,
TXN-OPTIMISTIC-00065,REQ-SIM-00065,SIM-OPTIMISTIC-00065,CUS-00065,FSI-00191,1,OPTIMISTIC,pool-4-thread-65,286314106660700,286314279520700,true,
TXN-OPTIMISTIC-00086,REQ-SIM-00086,-,CUS-00086,FSI-00191,1,OPTIMISTIC,pool-4-thread-86,286314110259100,286314312895800,false,Không tìm thấy FlashSaleItem với ID 'FSI-00191'.
TXN-OPTIMISTIC-00088,REQ-SIM-00088,SIM-OPTIMISTIC-00088,CUS-00088,FSI-00191,1,OPTIMISTIC,pool-4-thread-88,286314110501500,286314313523000,true,
TXN-OPTIMISTIC-00078,REQ-SIM-00078,-,CUS-00078,FSI-00191,1,OPTIMISTIC,pool-4-thread-78,286314108517600,286314322930800,false,Xung đột Optimistic Lock! Entity 'FSI-00191': version đọc=-1; version hiện tại=11. Thread khác đã cập nhật trước — cần retry.
TXN-OPTIMISTIC-00081,REQ-SIM-00081,-,CUS-00081,FSI-00191,1,OPTIMISTIC,pool-4-thread-81,286314109048400,286314325344300,false,Xung đột Optimistic Lock! Entity 'FSI-00191': version đọc=-1; version hiện tại=11. Thread khác đã cập nhật trước — cần retry.
TXN-OPTIMISTIC-00100,REQ-SIM-00100,SIM-OPTIMISTIC-00100,CUS-00100,FSI-00191,1,OPTIMISTIC,pool-4-thread-100,286314114751700,286314332622700,true,
TXN-OPTIMISTIC-00097,REQ-SIM-00097,-,CUS-00097,FSI-00191,1,OPTIMISTIC,pool-4-thread-97,286314114238000,286314333226900,false,Xung đột Optimistic Lock! Entity 'FSI-00191': version đọc=-1; version hiện tại=12. Thread khác đã cập nhật trước — cần retry.
TXN-OPTIMISTIC-00079,REQ-SIM-00079,-,CUS-00079,FSI-00191,1,OPTIMISTIC,pool-4-thread-79,286314108629800,286314334200800,false,Xung đột Optimistic Lock! Entity 'FSI-00191': version đọc=-1; version hiện tại=12. Thread khác đã cập nhật trước — cần retry.
TXN-OPTIMISTIC-00093,REQ-SIM-00093,-,CUS-00093,FSI-00191,1,OPTIMISTIC,pool-4-thread-93,286314111915000,286314334712000,false,Xung đột Optimistic Lock! Entity 'FSI-00191': version đọc=-1; version hiện tại=12. Thread khác đã cập nhật trước — cần retry.
TXN-OPTIMISTIC-00090,REQ-SIM-00090,-,CUS-00090,FSI-00191,1,OPTIMISTIC,pool-4-thread-90,286314110907300,286314335089300,false,Xung đột Optimistic Lock! Entity 'FSI-00191': version đọc=-1; version hiện tại=12. Thread khác đã cập nhật trước — cần retry.
TXN-OPTIMISTIC-00085,REQ-SIM-00085,-,CUS-00085,FSI-00191,1,OPTIMISTIC,pool-4-thread-85,286314109503800,286314336382700,false,Xung đột Optimistic Lock! Entity 'FSI-00191': version đọc=-1; version hiện tại=12. Thread khác đã cập nhật trước — cần retry.
TXN-OPTIMISTIC-00084,REQ-SIM-00084,-,CUS-00084,FSI-00191,1,OPTIMISTIC,pool-4-thread-84,286314109690000,286314337106700,false,Xung đột Optimistic Lock! Entity 'FSI-00191': version đọc=-1; version hiện tại=12. Thread khác đã cập nhật trước — cần retry.
TXN-OPTIMISTIC-00076,REQ-SIM-00076,-,CUS-00076,FSI-00191,1,OPTIMISTIC,pool-4-thread-76,286314108129100,286314338030200,false,Xung đột Optimistic Lock! Entity 'FSI-00191': version đọc=-1; version hiện tại=12. Thread khác đã cập nhật trước — cần retry.
TXN-OPTIMISTIC-00064,REQ-SIM-00064,-,CUS-00064,FSI-00191,1,OPTIMISTIC,pool-4-thread-64,286314106630600,286314338937300,false,Xung đột Optimistic Lock! Entity 'FSI-00191': version đọc=-1; version hiện tại=12. Thread khác đã cập nhật trước — cần retry.
TXN-OPTIMISTIC-00083,REQ-SIM-00083,-,CUS-00083,FSI-00191,1,OPTIMISTIC,pool-4-thread-83,286314109344000,286314339611200,false,Xung đột Optimistic Lock! Entity 'FSI-00191': version đọc=-1; version hiện tại=12. Thread khác đã cập nhật trước — cần retry.
TXN-OPTIMISTIC-00082,REQ-SIM-00082,-,CUS-00082,FSI-00191,1,OPTIMISTIC,pool-4-thread-82,286314109366200,286314340802500,false,Xung đột Optimistic Lock! Entity 'FSI-00191': version đọc=-1; version hiện tại=12. Thread khác đã cập nhật trước — cần retry.
TXN-OPTIMISTIC-00080,REQ-SIM-00080,-,CUS-00080,FSI-00191,1,OPTIMISTIC,pool-4-thread-80,286314109040000,286314341028800,false,Xung đột Optimistic Lock! Entity 'FSI-00191': version đọc=-1; version hiện tại=12. Thread khác đã cập nhật trước — cần retry.
TXN-OPTIMISTIC-00072,REQ-SIM-00072,-,CUS-00072,FSI-00191,1,OPTIMISTIC,pool-4-thread-72,286314107600100,286314341804200,false,Xung đột Optimistic Lock! Entity 'FSI-00191': version đọc=-1; version hiện tại=12. Thread khác đã cập nhật trước — cần retry.
TXN-OPTIMISTIC-00033,REQ-SIM-00033,-,CUS-00033,FSI-00191,1,OPTIMISTIC,pool-4-thread-33,286314107331100,286314342372000,false,Xung đột Optimistic Lock! Entity 'FSI-00191': version đọc=-1; version hiện tại=12. Thread khác đã cập nhật trước — cần retry.
TXN-OPTIMISTIC-00074,REQ-SIM-00074,-,CUS-00074,FSI-00191,1,OPTIMISTIC,pool-4-thread-74,286314107617100,286314342963400,false,Xung đột Optimistic Lock! Entity 'FSI-00191': version đọc=-1; version hiện tại=12. Thread khác đã cập nhật trước — cần retry.
TXN-OPTIMISTIC-00061,REQ-SIM-00061,-,CUS-00061,FSI-00191,1,OPTIMISTIC,pool-4-thread-61,286314106480800,286314343784400,false,Xung đột Optimistic Lock! Entity 'FSI-00191': version đọc=-1; version hiện tại=12. Thread khác đã cập nhật trước — cần retry.
TXN-OPTIMISTIC-00057,REQ-SIM-00057,-,CUS-00057,FSI-00191,1,OPTIMISTIC,pool-4-thread-57,286314105841800,286314344534600,false,Xung đột Optimistic Lock! Entity 'FSI-00191': version đọc=-1; version hiện tại=12. Thread khác đã cập nhật trước — cần retry.
TXN-OPTIMISTIC-00029,REQ-SIM-00029,-,CUS-00029,FSI-00191,1,OPTIMISTIC,pool-4-thread-29,286314105868500,286314345329200,false,Xung đột Optimistic Lock! Entity 'FSI-00191': version đọc=-1; version hiện tại=12. Thread khác đã cập nhật trước — cần retry.
TXN-OPTIMISTIC-00071,REQ-SIM-00071,-,CUS-00071,FSI-00191,1,OPTIMISTIC,pool-4-thread-71,286314107374000,286314346031400,false,Xung đột Optimistic Lock! Entity 'FSI-00191': version đọc=-1; version hiện tại=12. Thread khác đã cập nhật trước — cần retry.
TXN-OPTIMISTIC-00075,REQ-SIM-00075,-,CUS-00075,FSI-00191,1,OPTIMISTIC,pool-4-thread-75,286314107748200,286314346750800,false,Xung đột Optimistic Lock! Entity 'FSI-00191': version đọc=-1; version hiện tại=12. Thread khác đã cập nhật trước — cần retry.
TXN-OPTIMISTIC-00017,REQ-SIM-00017,-,CUS-00017,FSI-00191,1,OPTIMISTIC,pool-4-thread-17,286314106936000,286314347423200,false,Xung đột Optimistic Lock! Entity 'FSI-00191': version đọc=-1; version hiện tại=12. Thread khác đã cập nhật trước — cần retry.
TXN-OPTIMISTIC-00073,REQ-SIM-00073,-,CUS-00073,FSI-00191,1,OPTIMISTIC,pool-4-thread-73,286314107658000,286314348127700,false,Xung đột Optimistic Lock! Entity 'FSI-00191': version đọc=-1; version hiện tại=12. Thread khác đã cập nhật trước — cần retry.
TXN-OPTIMISTIC-00037,REQ-SIM-00037,-,CUS-00037,FSI-00191,1,OPTIMISTIC,pool-4-thread-37,286314104728400,286314348551200,false,Xung đột Optimistic Lock! Entity 'FSI-00191': version đọc=-1; version hiện tại=12. Thread khác đã cập nhật trước — cần retry.
TXN-OPTIMISTIC-00069,REQ-SIM-00069,-,CUS-00069,FSI-00191,1,OPTIMISTIC,pool-4-thread-69,286314107312600,286314349229500,false,Xung đột Optimistic Lock! Entity 'FSI-00191': version đọc=-1; version hiện tại=12. Thread khác đã cập nhật trước — cần retry.
TXN-OPTIMISTIC-00018,REQ-SIM-00018,-,CUS-00018,FSI-00191,1,OPTIMISTIC,pool-4-thread-18,286314102208400,286314349917800,false,Xung đột Optimistic Lock! Entity 'FSI-00191': version đọc=-1; version hiện tại=12. Thread khác đã cập nhật trước — cần retry.
TXN-OPTIMISTIC-00036,REQ-SIM-00036,-,CUS-00036,FSI-00191,1,OPTIMISTIC,pool-4-thread-36,286314102384800,286314350543000,false,Xung đột Optimistic Lock! Entity 'FSI-00191': version đọc=-1; version hiện tại=12. Thread khác đã cập nhật trước — cần retry.
TXN-OPTIMISTIC-00016,REQ-SIM-00016,-,CUS-00016,FSI-00191,1,OPTIMISTIC,pool-4-thread-16,286314101316500,286314351254000,false,Xung đột Optimistic Lock! Entity 'FSI-00191': version đọc=-1; version hiện tại=12. Thread khác đã cập nhật trước — cần retry.
TXN-OPTIMISTIC-00012,REQ-SIM-00012,-,CUS-00012,FSI-00191,1,OPTIMISTIC,pool-4-thread-12,286314101453800,286314351878900,false,Xung đột Optimistic Lock! Entity 'FSI-00191': version đọc=-1; version hiện tại=12. Thread khác đã cập nhật trước — cần retry.
TXN-OPTIMISTIC-00068,REQ-SIM-00068,-,CUS-00068,FSI-00191,1,OPTIMISTIC,pool-4-thread-68,286314106897100,286314352484800,false,Xung đột Optimistic Lock! Entity 'FSI-00191': version đọc=-1; version hiện tại=12. Thread khác đã cập nhật trước — cần retry.
TXN-OPTIMISTIC-00059,REQ-SIM-00059,-,CUS-00059,FSI-00191,1,OPTIMISTIC,pool-4-thread-59,286314105908900,286314353147800,false,Xung đột Optimistic Lock! Entity 'FSI-00191': version đọc=-1; version hiện tại=12. Thread khác đã cập nhật trước — cần retry.
TXN-OPTIMISTIC-00048,REQ-SIM-00048,-,CUS-00048,FSI-00191,1,OPTIMISTIC,pool-4-thread-48,286314105236700,286314354857400,false,Xung đột Optimistic Lock! Entity 'FSI-00191': version đọc=-1; version hiện tại=12. Thread khác đã cập nhật trước — cần retry.
TXN-OPTIMISTIC-00027,REQ-SIM-00027,-,CUS-00027,FSI-00191,1,OPTIMISTIC,pool-4-thread-27,286314101654900,286314356690100,false,Xung đột Optimistic Lock! Entity 'FSI-00191': version đọc=-1; version hiện tại=12. Thread khác đã cập nhật trước — cần retry.
TXN-OPTIMISTIC-00039,REQ-SIM-00039,-,CUS-00039,FSI-00191,1,OPTIMISTIC,pool-4-thread-39,286314104800800,286314358461000,false,Xung đột Optimistic Lock! Entity 'FSI-00191': version đọc=-1; version hiện tại=12. Thread khác đã cập nhật trước — cần retry.
TXN-OPTIMISTIC-00041,REQ-SIM-00041,-,CUS-00041,FSI-00191,1,OPTIMISTIC,pool-4-thread-41,286314104873300,286314359718600,false,Xung đột Optimistic Lock! Entity 'FSI-00191': version đọc=-1; version hiện tại=12. Thread khác đã cập nhật trước — cần retry.
TXN-OPTIMISTIC-00022,REQ-SIM-00022,-,CUS-00022,FSI-00191,1,OPTIMISTIC,pool-4-thread-22,286314102554000,286314361960000,false,Xung đột Optimistic Lock! Entity 'FSI-00191': version đọc=-1; version hiện tại=12. Thread khác đã cập nhật trước — cần retry.
TXN-OPTIMISTIC-00032,REQ-SIM-00032,-,CUS-00032,FSI-00191,1,OPTIMISTIC,pool-4-thread-32,286314101884000,286314362597700,false,Xung đột Optimistic Lock! Entity 'FSI-00191': version đọc=-1; version hiện tại=12. Thread khác đã cập nhật trước — cần retry.
TXN-OPTIMISTIC-00015,REQ-SIM-00015,-,CUS-00015,FSI-00191,1,OPTIMISTIC,pool-4-thread-15,286314101679000,286314364215000,false,Xung đột Optimistic Lock! Entity 'FSI-00191': version đọc=-1; version hiện tại=12. Thread khác đã cập nhật trước — cần retry.
TXN-OPTIMISTIC-00002,REQ-SIM-00002,-,CUS-00002,FSI-00191,1,OPTIMISTIC,pool-4-thread-2,286314101003200,286314367554900,false,Xung đột Optimistic Lock! Entity 'FSI-00191': version đọc=-1; version hiện tại=12. Thread khác đã cập nhật trước — cần retry.
TXN-OPTIMISTIC-00056,REQ-SIM-00056,-,CUS-00056,FSI-00191,1,OPTIMISTIC,pool-4-thread-56,286314105707200,286314369697500,false,Xung đột Optimistic Lock! Entity 'FSI-00191': version đọc=-1; version hiện tại=12. Thread khác đã cập nhật trước — cần retry.
TXN-OPTIMISTIC-00063,REQ-SIM-00063,-,CUS-00063,FSI-00191,1,OPTIMISTIC,pool-4-thread-63,286314106570700,286314370583800,false,Xung đột Optimistic Lock! Entity 'FSI-00191': version đọc=-1; version hiện tại=12. Thread khác đã cập nhật trước — cần retry.
TXN-OPTIMISTIC-00038,REQ-SIM-00038,-,CUS-00038,FSI-00191,1,OPTIMISTIC,pool-4-thread-38,286314104768000,286314371387900,false,Xung đột Optimistic Lock! Entity 'FSI-00191': version đọc=-1; version hiện tại=12. Thread khác đã cập nhật trước — cần retry.
TXN-OPTIMISTIC-00052,REQ-SIM-00052,-,CUS-00052,FSI-00191,1,OPTIMISTIC,pool-4-thread-52,286314105382300,286314372087500,false,Xung đột Optimistic Lock! Entity 'FSI-00191': version đọc=-1; version hiện tại=12. Thread khác đã cập nhật trước — cần retry.
TXN-OPTIMISTIC-00020,REQ-SIM-00020,-,CUS-00020,FSI-00191,1,OPTIMISTIC,pool-4-thread-20,286314102462000,286314372899100,false,Xung đột Optimistic Lock! Entity 'FSI-00191': version đọc=-1; version hiện tại=12. Thread khác đã cập nhật trước — cần retry.
TXN-OPTIMISTIC-00062,REQ-SIM-00062,-,CUS-00062,FSI-00191,1,OPTIMISTIC,pool-4-thread-62,286314106517500,286314373768500,false,Xung đột Optimistic Lock! Entity 'FSI-00191': version đọc=-1; version hiện tại=12. Thread khác đã cập nhật trước — cần retry.
TXN-OPTIMISTIC-00067,REQ-SIM-00067,-,CUS-00067,FSI-00191,1,OPTIMISTIC,pool-4-thread-67,286314106689800,286314374262000,false,Xung đột Optimistic Lock! Entity 'FSI-00191': version đọc=-1; version hiện tại=12. Thread khác đã cập nhật trước — cần retry.
TXN-OPTIMISTIC-00007,REQ-SIM-00007,-,CUS-00007,FSI-00191,1,OPTIMISTIC,pool-4-thread-7,286314101162700,286314378534300,false,Xung đột Optimistic Lock! Entity 'FSI-00191': version đọc=-1; version hiện tại=12. Thread khác đã cập nhật trước — cần retry.
TXN-OPTIMISTIC-00054,REQ-SIM-00054,-,CUS-00054,FSI-00191,1,OPTIMISTIC,pool-4-thread-54,286314105448700,286314379216400,false,Xung đột Optimistic Lock! Entity 'FSI-00191': version đọc=-1; version hiện tại=12. Thread khác đã cập nhật trước — cần retry.
TXN-OPTIMISTIC-00089,REQ-SIM-00089,-,CUS-00089,FSI-00191,1,OPTIMISTIC,pool-4-thread-89,286314105202200,286314379884400,false,Xung đột Optimistic Lock! Entity 'FSI-00191': version đọc=-1; version hiện tại=12. Thread khác đã cập nhật trước — cần retry.
TXN-OPTIMISTIC-00025,REQ-SIM-00025,-,CUS-00025,FSI-00191,1,OPTIMISTIC,pool-4-thread-25,286314105268600,286314380559900,false,Xung đột Optimistic Lock! Entity 'FSI-00191': version đọc=-1; version hiện tại=12. Thread khác đã cập nhật trước — cần retry.
TXN-OPTIMISTIC-00055,REQ-SIM-00055,-,CUS-00055,FSI-00191,1,OPTIMISTIC,pool-4-thread-55,286314105470200,286314381446300,false,Xung đột Optimistic Lock! Entity 'FSI-00191': version đọc=-1; version hiện tại=12. Thread khác đã cập nhật trước — cần retry.
TXN-OPTIMISTIC-00051,REQ-SIM-00051,-,CUS-00051,FSI-00191,1,OPTIMISTIC,pool-4-thread-51,286314105355800,286314382207000,false,Xung đột Optimistic Lock! Entity 'FSI-00191': version đọc=-1; version hiện tại=12. Thread khác đã cập nhật trước — cần retry.
TXN-OPTIMISTIC-00040,REQ-SIM-00040,-,CUS-00040,FSI-00191,1,OPTIMISTIC,pool-4-thread-40,286314104820700,286314382722600,false,Xung đột Optimistic Lock! Entity 'FSI-00191': version đọc=-1; version hiện tại=12. Thread khác đã cập nhật trước — cần retry.
TXN-OPTIMISTIC-00053,REQ-SIM-00053,-,CUS-00053,FSI-00191,1,OPTIMISTIC,pool-4-thread-53,286314105421400,286314383389300,false,Xung đột Optimistic Lock! Entity 'FSI-00191': version đọc=-1; version hiện tại=12. Thread khác đã cập nhật trước — cần retry.
TXN-OPTIMISTIC-00043,REQ-SIM-00043,-,CUS-00043,FSI-00191,1,OPTIMISTIC,pool-4-thread-43,286314104927500,286314384080700,false,Xung đột Optimistic Lock! Entity 'FSI-00191': version đọc=-1; version hiện tại=12. Thread khác đã cập nhật trước — cần retry.
TXN-OPTIMISTIC-00024,REQ-SIM-00024,-,CUS-00024,FSI-00191,1,OPTIMISTIC,pool-4-thread-24,286314101526200,286314384790600,false,Xung đột Optimistic Lock! Entity 'FSI-00191': version đọc=-1; version hiện tại=12. Thread khác đã cập nhật trước — cần retry.
TXN-OPTIMISTIC-00046,REQ-SIM-00046,-,CUS-00046,FSI-00191,1,OPTIMISTIC,pool-4-thread-46,286314105170900,286314385482400,false,Xung đột Optimistic Lock! Entity 'FSI-00191': version đọc=-1; version hiện tại=12. Thread khác đã cập nhật trước — cần retry.
TXN-OPTIMISTIC-00035,REQ-SIM-00035,-,CUS-00035,FSI-00191,1,OPTIMISTIC,pool-4-thread-35,286314104673800,286314386338500,false,Xung đột Optimistic Lock! Entity 'FSI-00191': version đọc=-1; version hiện tại=12. Thread khác đã cập nhật trước — cần retry.
TXN-OPTIMISTIC-00006,REQ-SIM-00006,-,CUS-00006,FSI-00191,1,OPTIMISTIC,pool-4-thread-6,286314101057300,286314387422400,false,Xung đột Optimistic Lock! Entity 'FSI-00191': version đọc=-1; version hiện tại=12. Thread khác đã cập nhật trước — cần retry.
TXN-OPTIMISTIC-00044,REQ-SIM-00044,-,CUS-00044,FSI-00191,1,OPTIMISTIC,pool-4-thread-44,286314104953000,286314388244500,false,Xung đột Optimistic Lock! Entity 'FSI-00191': version đọc=-1; version hiện tại=12. Thread khác đã cập nhật trước — cần retry.
TXN-OPTIMISTIC-00023,REQ-SIM-00023,-,CUS-00023,FSI-00191,1,OPTIMISTIC,pool-4-thread-23,286314105096200,286314388804200,false,Xung đột Optimistic Lock! Entity 'FSI-00191': version đọc=-1; version hiện tại=12. Thread khác đã cập nhật trước — cần retry.
TXN-OPTIMISTIC-00005,REQ-SIM-00005,-,CUS-00005,FSI-00191,1,OPTIMISTIC,pool-4-thread-5,286314101206600,286314389705600,false,Xung đột Optimistic Lock! Entity 'FSI-00191': version đọc=-1; version hiện tại=12. Thread khác đã cập nhật trước — cần retry.
TXN-OPTIMISTIC-00009,REQ-SIM-00009,-,CUS-00009,FSI-00191,1,OPTIMISTIC,pool-4-thread-9,286314101292500,286314390156100,false,Xung đột Optimistic Lock! Entity 'FSI-00191': version đọc=-1; version hiện tại=12. Thread khác đã cập nhật trước — cần retry.
TXN-OPTIMISTIC-00003,REQ-SIM-00003,-,CUS-00003,FSI-00191,1,OPTIMISTIC,pool-4-thread-3,286314101027600,286314391236700,false,Xung đột Optimistic Lock! Entity 'FSI-00191': version đọc=-1; version hiện tại=12. Thread khác đã cập nhật trước — cần retry.
TXN-OPTIMISTIC-00030,REQ-SIM-00030,-,CUS-00030,FSI-00191,1,OPTIMISTIC,pool-4-thread-30,286314104301700,286314391828400,false,Xung đột Optimistic Lock! Entity 'FSI-00191': version đọc=-1; version hiện tại=12. Thread khác đã cập nhật trước — cần retry.
TXN-OPTIMISTIC-00031,REQ-SIM-00031,-,CUS-00031,FSI-00191,1,OPTIMISTIC,pool-4-thread-31,286314104428100,286314392509000,false,Xung đột Optimistic Lock! Entity 'FSI-00191': version đọc=-1; version hiện tại=12. Thread khác đã cập nhật trước — cần retry.
TXN-OPTIMISTIC-00004,REQ-SIM-00004,-,CUS-00004,FSI-00191,1,OPTIMISTIC,pool-4-thread-4,286314101142200,286314393385500,false,Xung đột Optimistic Lock! Entity 'FSI-00191': version đọc=-1; version hiện tại=12. Thread khác đã cập nhật trước — cần retry.
TXN-OPTIMISTIC-00058,REQ-SIM-00058,-,CUS-00058,FSI-00191,1,OPTIMISTIC,pool-4-thread-58,286314104281200,286314394025100,false,Xung đột Optimistic Lock! Entity 'FSI-00191': version đọc=-1; version hiện tại=12. Thread khác đã cập nhật trước — cần retry.
TXN-OPTIMISTIC-00034,REQ-SIM-00034,-,CUS-00034,FSI-00191,1,OPTIMISTIC,pool-4-thread-34,286314104651800,286314394854600,false,Xung đột Optimistic Lock! Entity 'FSI-00191': version đọc=-1; version hiện tại=12. Thread khác đã cập nhật trước — cần retry.
TXN-OPTIMISTIC-00019,REQ-SIM-00019,-,CUS-00019,FSI-00191,1,OPTIMISTIC,pool-4-thread-19,286314104703400,286314395655700,false,Xung đột Optimistic Lock! Entity 'FSI-00191': version đọc=-1; version hiện tại=12. Thread khác đã cập nhật trước — cần retry.
TXN-OPTIMISTIC-00066,REQ-SIM-00066,-,CUS-00066,FSI-00191,1,OPTIMISTIC,pool-4-thread-66,286314104453800,286314395999100,false,Xung đột Optimistic Lock! Entity 'FSI-00191': version đọc=-1; version hiện tại=12. Thread khác đã cập nhật trước — cần retry.
TXN-OPTIMISTIC-00070,REQ-SIM-00070,-,CUS-00070,FSI-00191,1,OPTIMISTIC,pool-4-thread-70,286314104599700,286314396897500,false,Xung đột Optimistic Lock! Entity 'FSI-00191': version đọc=-1; version hiện tại=12. Thread khác đã cập nhật trước — cần retry.
TXN-OPTIMISTIC-00028,REQ-SIM-00028,-,CUS-00028,FSI-00191,1,OPTIMISTIC,pool-4-thread-28,286314103818200,286314397410300,false,Xung đột Optimistic Lock! Entity 'FSI-00191': version đọc=-1; version hiện tại=12. Thread khác đã cập nhật trước — cần retry.
TXN-OPTIMISTIC-00021,REQ-SIM-00021,-,CUS-00021,FSI-00191,1,OPTIMISTIC,pool-4-thread-21,286314102539800,286314397912200,false,Xung đột Optimistic Lock! Entity 'FSI-00191': version đọc=-1; version hiện tại=12. Thread khác đã cập nhật trước — cần retry.
TXN-OPTIMISTIC-00010,REQ-SIM-00010,-,CUS-00010,FSI-00191,1,OPTIMISTIC,pool-4-thread-10,286314101838200,286314398949100,false,Xung đột Optimistic Lock! Entity 'FSI-00191': version đọc=-1; version hiện tại=12. Thread khác đã cập nhật trước — cần retry.
TXN-OPTIMISTIC-00045,REQ-SIM-00045,-,CUS-00045,FSI-00191,1,OPTIMISTIC,pool-4-thread-45,286314102945600,286314399521900,false,Xung đột Optimistic Lock! Entity 'FSI-00191': version đọc=-1; version hiện tại=12. Thread khác đã cập nhật trước — cần retry.
TXN-OPTIMISTIC-00099,REQ-SIM-00099,-,CUS-00099,FSI-00191,1,OPTIMISTIC,pool-4-thread-99,286314114703000,286314400782500,false,Xung đột Optimistic Lock! Entity 'FSI-00191': version đọc=-1; version hiện tại=12. Thread khác đã cập nhật trước — cần retry.
TXN-OPTIMISTIC-00098,REQ-SIM-00098,-,CUS-00098,FSI-00191,1,OPTIMISTIC,pool-4-thread-98,286314114517900,286314401965100,false,Xung đột Optimistic Lock! Entity 'FSI-00191': version đọc=-1; version hiện tại=12. Thread khác đã cập nhật trước — cần retry.
TXN-OPTIMISTIC-00049,REQ-SIM-00049,SIM-OPTIMISTIC-00049,CUS-00049,FSI-00191,1,OPTIMISTIC,pool-4-thread-49,286314102851400,286314402195100,true,
TXN-OPTIMISTIC-00096,REQ-SIM-00096,-,CUS-00096,FSI-00191,1,OPTIMISTIC,pool-4-thread-96,286314113127500,286314402865900,false,Xung đột Optimistic Lock! Entity 'FSI-00191': version đọc=-1; version hiện tại=13. Thread khác đã cập nhật trước — cần retry.
TXN-OPTIMISTIC-00095,REQ-SIM-00095,-,CUS-00095,FSI-00191,1,OPTIMISTIC,pool-4-thread-95,286314112917900,286314404052600,false,Xung đột Optimistic Lock! Entity 'FSI-00191': version đọc=-1; version hiện tại=13. Thread khác đã cập nhật trước — cần retry.
TXN-OPTIMISTIC-00087,REQ-SIM-00087,-,CUS-00087,FSI-00191,1,OPTIMISTIC,pool-4-thread-87,286314110324200,286314404410300,false,Xung đột Optimistic Lock! Entity 'FSI-00191': version đọc=-1; version hiện tại=13. Thread khác đã cập nhật trước — cần retry.
TXN-OPTIMISTIC-00077,REQ-SIM-00077,-,CUS-00077,FSI-00191,1,OPTIMISTIC,pool-4-thread-77,286314108599200,286314405183100,false,Xung đột Optimistic Lock! Entity 'FSI-00191': version đọc=-1; version hiện tại=13. Thread khác đã cập nhật trước — cần retry.
TXN-OPTIMISTIC-00094,REQ-SIM-00094,-,CUS-00094,FSI-00191,1,OPTIMISTIC,pool-4-thread-94,286314112160200,286314405903000,false,Xung đột Optimistic Lock! Entity 'FSI-00191': version đọc=-1; version hiện tại=13. Thread khác đã cập nhật trước — cần retry.
TXN-OPTIMISTIC-00047,REQ-SIM-00047,-,CUS-00047,FSI-00191,1,OPTIMISTIC,pool-4-thread-47,286314110325400,286314406449800,false,Xung đột Optimistic Lock! Entity 'FSI-00191': version đọc=-1; version hiện tại=13. Thread khác đã cập nhật trước — cần retry.
TXN-OPTIMISTIC-00092,REQ-SIM-00092,-,CUS-00092,FSI-00191,1,OPTIMISTIC,pool-4-thread-92,286314111213000,286314406676800,false,Xung đột Optimistic Lock! Entity 'FSI-00191': version đọc=-1; version hiện tại=13. Thread khác đã cập nhật trước — cần retry.
TXN-OPTIMISTIC-00014,REQ-SIM-00014,-,CUS-00014,FSI-00191,1,OPTIMISTIC,pool-4-thread-14,286314102993500,286314407669200,false,Xung đột Optimistic Lock! Entity 'FSI-00191': version đọc=-1; version hiện tại=13. Thread khác đã cập nhật trước — cần retry.
